model,exact_match,f1,load_time_s,checkpoint_size_MB,avg_pipeline_score
roberta-base,85.96972563859981,92.08548815741908,0.587,477.9,0.5973
bert-base-uncased,81.01229895931883,88.35681807945764,0.361,416.3,0.5393333333333333
distilbert-base-uncased,77.1523178807947,85.3652932551452,0.326,254.1,0.6992666666666666
